time_s,z_mm
0.20119919999979174,44.59999465942383
0.41319079999993846,24.79999542236328
0.6265224999997372,6.4102020263671875
0.8393085999996401,0.0
